load,N,throughput_mbps,collision_probability,mean_delay_ms,p95_delay_ms,jain_fairness
300,2,3.59232,0.01003464596916761,1.3958472569227254,2.5838913488961333,0.9996419922654038
300,5,3.58656,0.017424112582095287,1.3974512771503516,2.6093466933987832,0.9974229257968595
300,10,3.6096000000000004,0.019724825921178486,1.4004087336269442,2.606223763128782,0.9963407603999357
300,20,3.6031199999999997,0.023391855281922842,1.4187647593904171,2.7041322147902775,0.9921184326734339
300,40,3.6410400000000003,0.02462242756142218,1.4295474691799335,2.695633499056714,0.9866787587526075
800,2,9.5772,0.14358190805360116,14.180704178827,49.23695516182546,0.9999100855393447
800,5,9.055439999999999,0.31946984383519067,273.88326799724246,1006.437439824359,0.9981978079685814
800,10,8.41752,0.4124263688644912,523.4870635559536,2109.029364503878,0.9869219486681649
800,20,7.8818399999999995,0.48140719434814805,739.0663396303516,2824.074849404587,0.9673101448724385
800,40,7.22448,0.5606056456252558,1009.7280234367885,3561.5134498968882,0.9465657430177525
